id,Text,Opinion
649183919917527040,"There Is No Mistaking The Evidence, #Cannabis Cures #Cancer |#marijuana #medicalmarijuana #cancercure #cancerkiller http",for
786890350866604032,"My feature for @user on #cancer, #cannabinoids, #cannabis and the legal challenges facing patients and dr's http",against
27722397427,"Brain Cancer Cure? - Cannabis & Cannabinoids, by Robert Melamede, PhD  http     #cannabis #marijuana #cancer #weed #420 #AZ",for
608137693185343488,"Cannabis= Anti Cancer
http://t.co/1DGPVyPago

#marijuana #cannabis #cancer #hemp  #vote   #cbd http",for
963730861790199808,"Marijuana Australia: ""93.7% of the respondents reported improvement in their condition and the reported pain level was reduced from a median of 8 on a scale of 0-10 to a median of 4."" #AUSPOL #CannabisAmnesty #Elderly #Cannabis #Cancer http",for
1012172210948038657,"$ESE will Develop its #Cancer Fighting #Cannabis #EFluids ..in ISRAEL 
and be Sold .. WORLDWIDE = winner",for
917819805071179777,"#Cannabis &amp; Cancer?: #Research with Human Subjects to Start Next Year
#SophiesStory #Cancer
https://t.co/ohpiaZjPej http",for
213322748058017793,Educate others and spread the word! #cannabis #cancer #hashoil #SimpsonOil #mmj U never know whose life u might change! http,for
630497852066803712,"Medical Marijuana Can Ease #Pain and Lessen Side Effects

http://t.co/lNFYjrsyuJ 
#marijuana #cannabis #cancer http",for
545878998366957569,Incredible people who've overcome #cancer through #sport and #inspired others @user @user @user @user,for
681547498436063233,"#Cancer patient says medical #marijuana has changed her life 

https://t.co/epXP9Wj703  #MME      
 #cannabis http",for
568168691994644480,"Joe Banning

#cancer #marijuana #cannabis #hemp #dank #vote #medicalmarijuana #kush #dabs #cbd #epilepsy #VT http",neutral
605357214077984769,"Terry McAuliffe
http://t.co/bv4BESvuER

#cancer #marijuana #cannabis #kush #dabs #cbd #epilepsy http",neutral
570836256642486272,"Cannabis, A Potent Pain Reliever 

#cannabis #depression #health #medical #medicalmarijuana #choice #cancer http",for
1351867707449196545,"Hits From A Bong: My First BONG 
(just turned 63) How-To-420
#marijuana #cannabis #PhoenixTears 
#MedicalMarijuana #Disability #ChronicPain 
#Cancer #SurvivorXTwo #SoFar 
#CantWeAllJustGetEhBong  http",neutral
667736681907253248,"6 Days after #CannabisOil, Girl's #Leukemia went into #Remission |#Cannabis #MedicalMarijuana #CureCancer #Cancer http",for
720745715459174402,#DrCristinaSanchez talks to us about the #endocannabinoidsystem #cannabis and #cancer http,neutral
582356022477631488,"Patty Murray
http://t.co/v2bihH8VRB

#cancer #marijuana #cannabis #hemp #kush #dabs #cbd #epilepsy #thc http",neutral
657886267208695808,Numerous Human Clinical Trials of #Cannabis for #Cancer in 2015 |#MMJ #MedicalMarijuana #CBD #CannabisOil #Marijuana http,for
1028648673054314496,"You know #cannabis has got a great fighting spirit. It fights the devil called #Cancer.

#cancerfree",for
771577471388884992,First #cannabis and #cancer studies done in the 1970s: the secret road to synthetic #THC medication. http,for
1032277212349779969,"$GOVX Announced Appointment of David Dodd as Chairman, President and Chief Executive Officer  http  #IHub_StockPosts #ad #wsj #nytimes #reuters #bloomberg #gas  #business #cnn #bet #foxnews #bitcoin #blockchain #crypto #oil #energy #cannabis #CBD #cancer http",neutral
338524483461726210,"""[B]oth delta-9-#THC &amp; delta-8-#THC caused a sharp decline in the respiratory rate of oral #cancer cells."" (Werner 29)  #pot #cannabis",for
650062797716516864,"13-Year-Old is Kickin' #Cancer with #Cannabis Oil

http://t.co/oJKmde6XAj 

#medicalmarijuana #hempoil http",for
671641005469356032,"Cannabis reduces tumor growth in study 
https://t.co/DBq3O2YKOm  
#MME #cannabis #cancer #marijuana http",for
625490155814670336,"American Cancer Society 
http://t.co/1gzdbb9puy

#cancer #marijuana #cannabis #hemp  #kush #dabs #cbd http",neutral
756734447102332928,"20 Medical Studies That Show #Cannabis Can Be A Potential Cure For #Cancer 
https://t.co/ic8lEtXqJJ  http",for
891691578800164864,Learn how #cannabis helps with #cancer #inflammation #stress #anxiety and #chronicpain at our Conference in July! http http,for
622010285197512704,"A #Cancer patient's journey with Medical #Marijuana. 

http://t.co/A899wsCJjp 
#cannabis #thc #cbd #Cancer #hempoil http",for
1006251986424131584,Lung #cancer patient SHRUNK tumour using #CBDOil - http #CBD #Hemp #HempOil #Cannabis #CannabisCommunity http,for
682708899561127937,"#Cancer patient says medical #marijuana has changed her life 

https://t.co/DJrfumpImi  #MME      
 #cannabis http",for
587225272417705984,"RT weedpraylove: RT MME_VIRGINIABCH: Cancer - Anti Tumorous

http://t.co/v2Cb17S3Do  #news #Ny
#cancer #marijuana #cannabis #hemp ",for
756134232288878592,"Cannakids, #Cancer, and #Kids, Because That Is How We Roll #cannabis #marijuana @user http http",for
893631618526707713,"Cannabis Oil cures 3-year-old boy of cancer after doctors gave him 48 hours to live
https://t.co/kGlRmylSvH
#cancer #CBD #cannabis",for
568634806017376256,"Joe Banning

#cancer #marijuana #cannabis #hemp #dank #vote #medicalmarijuana #kush #dabs #cbd #epilepsy #VT http",neutral
1182675504836612098,The woman does not even know Jesus Loves the Little Children song ~ #Democrats #MedicareForAll #Cannabis as our food and medicine #GreenNewDeal #BanFracking because #ExxonKnew 1977 ~ 1974 they found Cannabis stops #Cancer then #Congress moved #Marijuana to Schedule 1 ~ http,for
655627633338642432,Make #CannabisOil available to all #Cancer patients as a treatment option. |#Cannabis #CancerCure #Petition #NORML http,for
1065373417682157568,"If you want to stop smoking #cannabisoil could help you, every time you feel the urge to smoke just take a drop and the erge disappears #thc #cbd #cannabis #weedoil #mmj #wietolie #CB1 #CB2 #cancer #epileptic #opiatreplcement #AIDS #copd #apneu 
I stopped.. now you.. http",for
1019295676528816133,Cannabis and #cancer: Here's what the #research says. #cannabis #news http http,neutral
645639139669471232,"Cannabinoids and cancer
http://t.co/YaTPczeXGH

#MME #cancer #cannabis #cbd #marijuana http",neutral
670373341245661184,"Cancer patient: 'I had to become an outlaw or die' 

https://t.co/1G6x9hMjFE  via @user #MME #Cancer #Cannabis http",for
495757202398134273,"10 Facts About Marijuana 
 via @user #cannabis #thc #cancer #epilepsy #seizures #cure #USA http",neutral
1344685756556734464,"#Fasting can improve you both #mentally and #physically. It boosts your #focus and improves your health, and can even be an anti-#cancer tool:

https://t.co/3khGURXjZB",for
799507320598302720,#WeedNews!!! #Cannabis kills #cancer! #fuckcancer http,for
393912193257070592,"""@Medcanpoet: @user #Cannabis - It cures #Cancer.  Legalize it.  
End The #WarBetweenDrugs. http",for
440126090950877184,The How and Why of Intermittent Fasting: http #fasting #weightloss #cancer,for
767834609753153536,"Father who claimed #cannabis #oil cured his #cancer dies a year later aged just 34 #weed #smoke 
https://t.co/9g3gocAxQk",against
657006571201896448,"Change it. 
From pink to Green.
#CccMrsReagan #cannabis #cancer http #Disobey http",for
801407024319918081,"Quote from USA's http ""#Cannabis has been shown to kill #cancer cells in the laboratory."" http",for
1282344282138050562,"Don't forget to register for our next National Virtual Event!
NEW FRONTIERS IN CANNABIS RESEARCH

Featuring Dr. David Meiri, PhD., Head of the Laboratory of Cancer Biology and Cannabinoid Research at Technion.

RSVP NOW!
https://t.co/ye3lAUFtTv

#Cannabis #Health #Cancer #talks http",for
1325858944430997504,"Medical Marijuana to Manage Cancer-Related Neuropathy
https://t.co/z52E6h56GF
@survivornetca 

#Cancer #medicalmarijuana #MedicalCannabis #Cannabis #Neuropathy http",for
606808385644818432,"Dr Donald Tashkin
http://t.co/LG5d5lUKNb

#marijuana #cannabis  #hemp #Cancer #medicalmarijuana http",neutral
930513271915810816,"Paul Bregman MD AACP
Cannabis expert
https://t.co/LitGXELdP5
Denver, CO  #cannabisresource #cannabisexpert #cannabisdoctor #cannabis #cannabisresource #medicinalcannabis #CannabisCommunity #terminalillness #autism #Cancer #OpioidEpidemic #opioidcrisis #cannabis http",for
652634236357345281,"THC and other #cannabinoids inhibit tumor growth
http://t.co/aef45fZoxl 
#cbd #cannabis #tumor #cancer #MME #hempoil http",for
1115565888881741824,"brianross2112: RT @user Not an either or proposition. 

1 out of 5  #cancer patients are using #cannabis medicine, most often as an adjunct &amp; complimentary treatment but sometimes as sole medicine to fight against the disease. Patient experience is http",for
872671306155732992,A MUST WATCH video if you have cancer - #cannabis oil drove away this man's advanced stage 4 #cancer http,for
634760310226833412,Could #Cannabis And #Cannabinoids #Cancer Treatment Come To The UK? http via @user,neutral
779417615810781184,"Retweeted MME (@THEMMEXCHANGE):

Cannabis And Cancer

 http #MME #cannabis #marijuana #Cancer... http",neutral
565363694474129408,"Mike McGinn

http://t.co/yKMsfKJibo
#cancer #marijuana #cannabis #hemp 
 #epilepsy #news http",neutral
673876706168541184,"""Medical Marijuana Helped Save This Child From #Cancer
https://t.co/WGvh8w8cv7  
#marijuana #cannabis #MME #Cancer http",for
637999426083127296,#Oncologists Want #Cannabis Legalized To Fight #Cancer - http #thc #cbd #hempoil #MME http,for
529425489710968832,"There's more to killing cancer than cannabis. It requires healthy diet, exercise, and joy. #cancer #cannabis #health http",for
819918263769583620,Checkout @user Story about #Cannabis &amp; #Cancer http http,neutral
867411983011917827,"#Cannabis is #proapoptotic: triggers #apoptosis (#cellular suicide) of #cancer leaving #healthy cells.
https://t.co/shcXtkYEwA Cannabis http",against
649703953135992832,"""Medical Marijuana Helped Save This Child From #Cancer
https://t.co/nPajX6iy4V 
#marijuana #cannabis #MME #Cancer http",for
267729165518778368,I'm in #DC 11/12/12 - 11/15/12  I champion for you @user @user #Cannabis is my #cancer cure! notwith0utafight@aol.com #mmj,for
579031077320265728,"Cannabis= Anti Cancer
http://t.co/yohMZfLVXN

#marijuana #cannabis #cancer #hemp  #vote   #cbd http",for
789117900120526848,"A New Study Suggests #Cannabis Could Treat Cervical #Cancer  
https://t.co/EPZJJLr6I8  http",for
921421109634961408,"Grateful for all my friends who have battled #cancer and debilitating conditions with #cannabis &amp; won
Keep sharing the #medicine",for
633231671660269568,"Medical #Cannabis to assist end-of-life cancer population 

http://t.co/DRSKr8dEQS  
#marijuana #cancer #choice http",for
584250746641743872,"Cannabis and  Cancer
http://t.co/X7TiCINPw0

#Cannabis #cancer #marijuana #medical #pain #thc, #cbd #hempoil #tumors http",neutral
629966735999897600,"Terminal #Bowel #Cancer Patient Had 18 Months To Live

* CURED BY #CANNABIS*

http://t.co/xWr0nSx5bj
#UK
#Medicine
#Testimonial
@HempWorksUK",for
909031689783046145,CBD #Cancer #medicalmarijuana #Cannabis Hash Plant Feminised Seeds http,for
480073072242728960,"According to #cannabis researcherscannabinoidswork against #cancer thru a # of diff. mechanisms."" (Werner 25)  #pot #cannabis #weed",for
682029917626871808,"#Cancer patient says medical #marijuana has changed her life 

https://t.co/QmmiaoPCWb  #MME      
 #cannabis http",for
875733144598663168,$CNBX Is taking off. First clinical test results in July 2017. This stock is going to explode. #cannabis #marijuana #cancer,for
511690892093030400,"""@BOBBNA: Just think...#THC #CANNABINOIDS #CBD
#Cancer #Cannabis #legalizemarijuana http",against
649341388115603457,"#Cancer Patient Given 18 Months To Live, Cured By #Cannabis Oil
http://t.co/FP3Lgsvhv8
#marijuana #thc  #MME http",for
649013469656784896,"Can #cannabis really reduce #cancer cells? - For patients with cancer, the only hope for treatment used to be diff... http",for
567769910080962560,"The Institute of Medicine

#marijuana #cannabis #terminal #choice #medical #pain #weed #cancer #epilepsy #medicine http",neutral
635708760980373504,"The #Cancer Scam Part One looks into the history of #cannabis in the U.S.
http://t.co/cGcSqYZ33Y",neutral
842545082574225408,"Okay, so maybe it doesn't #kill #cancer lol
#alcohol vs #marijuana #cannabis #weed http",against
589385833758777344,"Cannabis - Multiple Treatments

#cannabis #marijuana #medicalmarijuana #thc #cbd #cancer #MS #pain http",neutral
483399702801444864,Clearing the Smoke: The Science of #Cannabis #marijuana #cures #cancer @user #vote #legaizemarijuana #america http,neutral
906613196785627136,Does #Cannabis Cure Cancer? Man Who Discovered The Cause Of #Cancer Wrote A #Book On Curing It http http,neutral
860659178343411712,Congratulations #Texas #medicalmarijuana #cannabis #medicine #healTHCare #seizers #cancer #pain #legalize The... http,for
1014670074635055106,Listening to Andrew on @user talk about the silly SA #cannabis laws that #SAPARLI are proposing to inflict on our poorest and sickest. #cancer #epilepsy #dementia #autism #alzheimers #ms #cerebralpalsy #chronicpain #Crohns #parkinsons,against
697952349277519872,"Despite mounting evidence that #cannabis can help with many #cancer symptoms, Patients still denied access in U... http",for
1004205766734221318,#Cancer Institute Finally Admits #Cannabis Kills Cancer http,for
651975607270699008,"The Biochemist Who Cured His #Cancer With #Cannabis Oil 

http://t.co/7YakCxRvmL 
#marijuana #hempoil #cbd #MME http",for
1048102104110383104,#Cancer  #CBD #THC                        34 #medicalstudies proving #cannabis #curescancer.  http,neutral
768309896630513664,Getting ready for bed like.. #icantfeelmyface when I'm this #high #cannabis #medicine #cancer,against
719157225235816448,#Cannabis for Chemotherapy - http #relief #cancer http,neutral
582899227329720320,"Joe Banning

#cancer #marijuana #cannabis #hemp #dank #vote #medicalmarijuana #kush #dabs #cbd #epilepsy #VT http",neutral
497566667174445056,"""One way cannabinoids kill #cancer cells is thru a process known as cell apoptosis, or programmed cell death."" (Werner 25) #pot #cannabis",for
516025763863490560,"Its time for medical marijuana in Georgia
 
#medicalmarijuana #Georgia #cannabis #thc #epilepsy #cancer #PTSD http",for
645537801115729920,"Cannabinoids as therapeutic agents in cancer:

http://t.co/v40iZ8j1lz
#MME #cancer #cannabis #cbd http",for
498487734936543232,"Marijuana Shown to Be Less Damaging to Lungs Than Tobacco - 
#medicalmarijuana #cancer #usa #thc #lungs #cannabis http",for
654248159942733824,"The Biochemist Who Cured His #Cancer With #Cannabis Oil 

http://t.co/n4peHDuuRF 
#marijuana #hempoil #cbd #MME http",for
806590391663427584,"#CBD Oil #hemp #cannabis w/o the THC, helps people with #PTSD #migraines #pain #diabetes #Cancer etc. 25% Off!  http",for
496546319062679552,"""@trutherbot: RUN FROM THE CURE - DOCUMENTARY ABOUT #CANNABIS OIL CURING #CANCER: http",against
878008162615472129,Cannabis Oil Cures 3-Year-Old Boy of Cancer After Doctors Gave Him 48 Hours to Live http #cannabis #cancer,for
576922128546574336,#medicalmarijuana #cancer #ms #epilepsy #reform #cannabis #USA #MME #cancer #medical health #thc #cbd #hempoil http,for
575868199360684032,"Cannabis for Chronic Pain 

#cannabis #depression #health #medical #medicalmarijuana #ms #cancer #glaucoma http",for
722543854856048640,"20 Medical Studies That Show #Cannabis Can Be A Potential Cure For #Cancer 

 http  http",for
571941048706056192,"Rocky Anderson
http://t.co/v2bihH8VRB

#cancer #marijuana #cannabis #hemp #dank #vote #medicalmarijuana http",neutral
616423938156068865,"Worth repeating: #Marijuana decreases risk of #lung cancer: 

http://t.co/DHPGzbYRLl 
#Cancer #thc #cbd #cannabis http",for
1108831446217555968,#Cannabis kills all types of #cancer cells that science has tried it on. #educationisthekeytochange #medicalmarijuana http,for
546723036146434048,Did you know #Juicing #Cannabis cures #Cancer and more!?!?  #fucr http,for
291472605200924672,"The Zionistic-Coptic #Church supports #medical #cannabis 4 #asthma, #glaucoma, joint #inflammation, &amp; #cancer.",for
642050218842828801,"#Oncologists Want #Cannabis Legalized To Fight #Cancer - http 
#cannabis #thc #cbd #hempoil #MME http",for
607669336820596736,"Patty Murray
http://t.co/e8xghNvDgo

#cancer #marijuana #cannabis #hemp #kush #dabs #cbd #epilepsy #thc http",neutral
793122218599383040,"RT #WEED #CANCER http CannabisTU: Strain name ideas?

Enroll today at the leading #cannabis co http",for
644163818206167040,"#THC and other #cannabinoids inhibit tumor growth

http://t.co/sAUQBJ9xV7 
#cbd #cannabis #tumor #cancer #MME #cbdoil http",for
1274243424162582528,A #Cancer Survivors Guide to Using #Cannabis to Cope With Chemotherapy #EndOurPain http http,for
651740458448781312,"""Medical Marijuana Helped Save This Child From #Cancer
http://t.co/x7FZkTz7JT 
#marijuana #cannabis #MME #Cancer http",for
1205105034683408384,http WATCH NOW before our FREE Edu-Series ends 12/31. Go to http for mind-blowing info about #cannabis #cancer #alzheimers #prevention #lifestyle #gluten #nutrition &amp; more!,for
1358775890994429954,#Cannabis can not stop radiation driven #Cancer http,against
538016872483278848,NEWCASTLE UNIVERSITY: Hype around #cannabis as a treatment for #cancer is undeserved http #breakthetaboo,against
665117024327041028,Teenage Girl Uses #Cannabis To Treat #Leukemia &amp; Great Results Were Seen Published #CaseStudy |#CannabisOil #Cancer http,for
703150051850256384,New #Study Shows #Cannabis Improves Conventional #Brain #Cancer Treatment |#MedicalMarijuana #CannabisOil #Marijuana http,for
632989494376013824,Cannabis and Cannabinoidsfor health professionals http #Cannabis #Medicine #Health #Regulator #Cancer,for
700363597008936960,Mehn #Cancer is a bitch. So sad yr 2016 ppl are still #Dying b/c of it. Decriminalize #Marijuana. #Cannabis for the sick. #RIPBigAng,for
657066420707061761,How #Cannabis Cures #Cancer (+30 Medical Researches) |#MMJ #MedicalMarijuana #CBD #THC #CannabisOil #Marijuana http,for
620021638088757249,"Walter Cronkite
http://t.co/mJjXQ0BoqE

#cancer #marijuana #cannabis #hemp  #cbd #epilepsy #thc http",neutral
716427431310204928,"If u suffer from
#pain
#depression
#insomnia
#bipolar
#cance
or any disorder
 Give
#mmj a chance
 U wont regret it
 I promise you
#Cannabis",for
281513583009992705,RT @user Father helps son battle Brain #Cancer by giving him #cannabis. http #marijuana #thecure,for
819355157972578304,"22 Vets/Day = #Suicide
#WomenGrow #WeedForWarriors #TheCure #PlantsOverPills #MedicalMarijuana PTSD #Cancer #Ganja #LegalizeIt #Cannabis http",for
645354924948213760,"""Medical Marijuana Helped Save This Child From #Cancer
http://t.co/ArXqtPdI81
#marijuana #cannabis #MME #Cancer http",for
894683346726510593,Study shows that people who regularly consume #cannabis have lower incidents of #cancer than their counterparts. http,for
65351933212377088,RT @user Man #Cured of #Cancer #Applying #Hemp Oil (#Real #Weed) #Cannabis http #med... http,for
573200803474898944,"Cannabis= Anti Cancer
http://t.co/Yvb5GoOzkm

#marijuana #cannabis #cancer #hemp  #vote   #cbd http",for
956576992991858688,"Cannabis is safer and healthier than the majority of your groceries, think about that. #thc #cbd #cannabis #weedoil #mmj #wietolie #CB1 #CB2 #cancer #epileptic #opiatreplcement #AIDS #COPD http",for
1107825704182247424,"Harvard University Finds Cannabis Cuts Tumor Growth in Half in Three Weeks 
#cannabis #cancer #lungcancer 

https://t.co/Pc1zY9xWD1",for
610951100271824896,"American Cancer Society 
http://t.co/0eAz2yCDVg

#cancer #marijuana #cannabis #hemp  #kush #dabs #cbd http",neutral
1245055971032018959,"#MedicareForAll 
#Cannabis as food like #God said 
#JimCrow has got to go 
#Cancer is #Cannabinoid deficiency from #Prohibition 
Here we are still acting like #Food from #God to heal the nations is #Dangerous ~ #Cannabinoids are #Nutrients 
#SocialismHeals #CapitalismKills http",for
781269518978953216,Adding #Cannabis to Colon #Cancer Treatment - What the Studies Say  http http,neutral
570454272904716288,"Cannabis for Chronic Pain 

#cannabis #depression #health #medical #medicalmarijuana #ms #cancer #glaucoma http",for
591790096346669056,"Terry McAuliffe
http://t.co/1gzdbb9puy

#cancer #marijuana #cannabis #kush #dabs #cbd #epilepsy http",neutral
656906055515942913,#Utah #Cancer Patient Says #Cannabis is a #HumanRight  #MMJ #MedicalMarijuana #CBD #THC #CannabisOil #Marijuana http,for
635133898054336512,"Medical Marijuana Can Ease #Pain and Lessen Side Effects

http://t.co/P2c9WxbIqR 
#marijuana #cannabis #cancer http",for
676021863085158400,"Cancer patient: 'I had to become an outlaw or die' 

https://t.co/d5TepyhuLz  via @user #MME #Cancer #Cannabis http",for
237143250761297921,"""One way cannabinoids kill #cancer cells is thru a process known as cell apoptosis, or programmed cell death."" (Werner 25) #pot #cannabis",for
690193437459664897,Could #Cannabis Cure #Cancer? Man Cured Using #CannabisOil http,for
670525055239979009,Teenage Girl Uses #Cannabis To Treat #Leukemia &amp; Great Results Were Seen Published #CaseStudy |#CannabisOil #Cancer http,for
297467629424242690,indebited to Phil for lending me the Len Richmond #DVD 'what if #cannabis cured #cancer' thought-provoking with serious medical credibility,against
630919943765270528,"Here's What #Marijuana Does to Breast #Cancer 

http://t.co/rYnc5lAkRt -  #cannabis #cbd #marijuana #marijuananews http",neutral
847433310984900608,"Amazing Recovery of a Boy Fighting Two-Types of Cancer  Once His Mum Gave Him Cannabis #Cannabis #Cancer
https://t.co/McF41bdKZc http",for
1010518403554185217,http Why #Cannabis #Smoke Wont Give you #Cancer http,for
1201141746681491458,"#cannabis increases the #risk of #testicular #cancer by over 36%.
#CannabisCommunity",against
658069330547052544,"The Biochemist Who Cured His #Cancer With #Cannabis Oil 

https://t.co/WybP8XKYt6 
#marijuana #hempoil #cbd #MME http",for
1104433957553074176,Everyone needs to watch this. Especially of you have a chronic illness and you hate big pharma. #IF #FASTING #MindBlown #Asthma #Cancer #chronicpain #arthritis #Autoimmune #fattyliverdisease #Diabetes #GeneTherapy #gene http,for
613105505540681728,"Terry McAuliffe
http://t.co/mA7uFzWita

#cancer #marijuana #cannabis #kush #dabs #cbd #epilepsy http",neutral
571028750797828096,"Paul Whitesell
Superintendent Indiana State Police
http://t.co/0LjMKjbenp

#cancer #marijuana #cannabis #pot http",neutral
551960859178582016,Watch #Cancer Cells Being Destroyed By #CANNABIS OIL http #weed #pot #marijuana,for
40400748936310784,Cannabis ingredient 'restores taste buds and lost pleasure in food to cancer patients' !!! http #cannabis,for
1271437738248732673,"MOOR HEMP WORLD cultivation is coming along! Happy Holy Day 
https://t.co/chAaxDelQQ
#moorhempworld
#bodybutter #cbd #hemp #cannabis #moor #oligospermia #endocannabinoid #eczema #autism #insomnia #pstd #anxiety #infertility #cancer #stress #virus #alopecia #diabetes #arthritis http",for
1154028629728346115,University of Guelph researchers are the first to uncover how the #cannabis plant creates important pain-relieving molecules that are 30 times more powerful at reducing #inflammation than Aspirin. http #weed #herb #420 #fourtwenty #marijuana #cancer #science,for
631696005713559552,"Here's What #Marijuana Does to Breast #Cancer 

http://t.co/VIIsv9pSkp -  #cannabis #cbd #marijuana #marijuananews http",neutral
932416967612469248,"As a contributor to the content for this incredible Canadian cannabis accessories company, I explored the topic of #cannabis and #cancer and how there are two different perspectives on the issue with Canndora. http",neutral
687400523864141825,Will @user involved help promote proper scientific investigation of #cannabis for #cancer? #mmj @user http @user,neutral
1137834310369775616,"Natural ways to fight #cancer w/ nutrition, #essentialoils, #homeopathy, #detox, #fasting and more. #anticancerrevolution http http",for
471456084113489921,Rick Simpson and Jindrich Bayer book on how to use #cannabis extract medicine to cure #cancer: http,for
1239994925682429957,"You are when you eat? Andrea De Censi @user recommends a paper describing the effects of intermittent #fasting on health, #aging, and disease. #nutrition #cancer #obesity http http",for
524116962289278976,"""The effects of #smoked #cannabis in painful peripheral neuropathy &amp; #cancer #pain refractory to #opioids."" http",for
698458680963002368,"How Marijuana Helps People With Cancer

 http  #MME  #Cancer #cbd #cannabis http",for
699136803958198272,"How Marijuana Helps People With Cancer

 http  #MME  #Cancer #cbd #cannabis http",for
568301298635796480,"Cannabis Study 

#cannabis #depression #health #medical #medicalmarijuana #marijuana
#weed #cancer #treatment http",for
649569863917305856,"A Cancer patient's journey with Medical Marijuana

http://t.co/PtRb0m51Be  #MME #cannabis #thc #cbd #Hempoil #Cancer http",neutral
570629119035219968,"National Organization of Women
http://t.co/0T2sVlFa7r

#cancer #marijuana #cannabis #hemp # http",neutral
1006332103917821953,"We just been talking to a mother (her husband is a soldier in the UK army) &amp; she has terminal cancer &amp; is ""not ready to leave"" her children yet. 
@UKLEAP @user @user 
@UKLabour @user 
#ThisIsCannabisProhibition #UKForces 
#Cannabis #Cancer #CannabisCures",for
904351890380427266,"#cancer, #pain, #opioid crisis, #PTSD, #epilepsy . few conditions #cannabis shows help! #Cancer alone should be enough to push research!",for
845277755856039936,#holistic #Doctor #Mystery #cannabis #cancer #autisim #TalkRadio #podcast #naturopathic #GcMAF #RFKJr #DeNiro We explore the connected world http,neutral
676929515495518208,"#Cancer patient says medical #marijuana has changed her life 

https://t.co/tZnupJfF1u  #MME      
 #cannabis http",for
571370599928483840,#Marijuana #Crowdfunding A Fast Emerging Industry to Watch In 2015 http @user @user #cannabis #cancer,neutral
1057346439687348224,#Dabbing #cannabis concentrates can impart faster relief for #chronicpain associated w/ severe illness such as #cancer or lingering injuries &amp; for those suffering from #PTSD. http #pain #painrelief #healthandwellness #dab #dabs #marijuana http,for
980228410420195329,Could #cannabis help cure lung #cancer? This man thinks so  and hes already spent 1.5m on research http #leukemia #cancerawareness http,neutral
1394652381200125955,Thanks @user for mentioning our #cancer &amp; #cannabis webinar &amp; referencing experiences from the YCE community. More research is needed for a balanced view between the medical benefits of cannabinoids &amp; the valid concerns from the healthcare community http,neutral
640841935758995456,"#Cannabidiol Induces Programmed Cell Death in #Breast #Cancer
http://t.co/a5XNbxwMKq 

#cannabis #cancer #marijuana http",for
603204005343436800,"Cannabis and Cancer
http://t.co/2s1VMfHNUs

#Cannabis #cancer #marijuana #medical #pain #thc, #cbd #hempoil #tumors http",neutral
1082776884893700099,Going to take my drops for this night.. Royal Gorilla .. have the same good night as I will. #thc #cbd #cannabis #weedoil #mmj #wietolie #CB1 #CB2 #cancer #epileptic #opiatreplcement #AIDS #copd #apneu #sleep http,for
643318888906792960,"A Cancer patient's journey with Medical Marijuana

http://t.co/U0Lx6Nab3D  #MME #cannabis #thc #cbd #Hempoil #Cancer http",neutral
733872142526210048,Grateful to #educate the folks at the @user on how #cannabis can help #pediatric #cancer #drcristinasanchez http,for
873662645450231809,"This Study Could Prove That #Cannabis Makes #Cancer Disappear 

https://t.co/pW5RziEih9  http",for
646365916918378496,"#Cannabinoids and cancer
http://t.co/IKqMeInuBl 

#MME #cancer #cannabis #cbd #marijuana  #medicalmarijuana http",neutral
784071396653670400,"Danish couple face 10 years in prison for selling #cannabis  to #cancer patients - The Independent
https://t.co/KsnA3EZwV4",against
567474679578120193,"Charles Rowland
http://t.co/v2Cb17S3Do

#cancer #marijuana #cannabis #hemp #dank #vote#kush #cbd http",neutral
997973808094072837,The only way to make money out of a free plant medicine.. they are realizing that they lost the fight against the plant #thc #cbd #cannabis #weedoil #mmj #wietolie #CB1 #CB2 #cancer #epileptic #opiatreplcement #AIDS #copd #apneu http,for
673725427463098368,"Cannabis reduces tumor growth in study 
https://t.co/SZcJC9TEB3  
#MME #cannabis #cancer #marijuana http",for
883434235759136768,"RT @user #Cannabis is illegal because it can treat #cancer, seizures, anxiety, glaucoma, and depression. http",for
681255775457525764,"#Cannabis Can Cure #Cancer, Its #HighTime We Stop Arresting People | #CannabisOil #MedicalMarijuana #Marijuana http",for
1262085494881562624,"A combo of fasting plus vitamin C is effective for hard-to-treat cancers, USC study shows. http #fasting #vitaminC #cancer #immunesystem #nutrienttherapy",for
1271612110301249537,"We are open for business 
MOOR HEMP WORLD
https://t.co/lYG120oNGU
#acne #cbd #hemp #cannabis #moor #oligospermia #endocannabinoid #eczema #autism #oil #insomnia #pstd #anxiety  #infertility #cancer #stress  #virus #alopecia #diabetes  #chronicpain #arthritis #autoimmunedisease http http",neutral
582794021271003136,"Dear RH @user and @user mother who understands #usury= treason, #embryology explains #lgbtq and #cannabis cures #cancer. Right?",for
633440392696999937,"#Oncologists Want #Cannabis Legalized To Fight #Cancer  http 
#hempoil #thc #cbd #marijuananews http",for
743047771175931904,Does Cannabis Oil treat Cancer?  http #Cannabis #cancer,neutral
805092889227313152,Is there such a thing as minor surgery? #prevention against #cancer with #cannabis is helping people http,for
1014939736320901121,"8 Proven #CBD Benefits
Don't forget to #Like and #ReTweet
#LiveCBDHealthy #CBDOil #Cannabis #marijuana #CannabisCommunity #HempOil #Healthy #HealthyLiving #Pain #ChronicPain #Fibromyalgia #Anxiety #cancer #diabetes http",for
1146127790741360640,"Stoke-on-Trent 'journalist' @user takes aim at those who use #cannabis as medicine in a deeply cruel, vicious and abusive series of personal attacks on people in constant pain and with #cancer #EndOurPain #drugspolicy http http",against
372720336837427200,XCHANGECORP (XCHC)-Cosmeceutical #cannabis range to be developed following skin #cancer study http ,for
584368897823870976,"""We found that almost 25%-35% of the #mice were completely cured of #cancer after administering #Cannabis."" :D http",for
689650574954889216,"I wish @user would tell the truth about #cannabis.
@RickSimpsonoil cures #cancer and mothers should HAVE IT. http",for
762005517380222977,#Cannabis vs. Breast #Cancer: An Extensive Analysis - http   #breastcancer #BreastCancerAwaren http,neutral
648757863926530049,"#Cannabis Can Cure #Cancer, Its #HighTime We Stop Arresting People | #CannabisOil #MedicalMarijuana #Marijuana http",for
654792475362508801,"The Biochemist Who Cured His #Cancer With #Cannabis Oil 

http://t.co/ifUc53EYA1 
#marijuana #hempoil #cbd #MME http",for
555083120496480256,"Terminal cancer patient dies amid medical marijuana fight 

http://t.co/s3YvHss0ee 
#marijuana #cancer #cannabis #Ia http",against
643286552110583808,"A Cancer patient's journey with Medical Marijuana

http://t.co/Bczv3A1Qvc  #MME #cannabis #thc #cbd #Hempoil #Cancer http",neutral
1226747369523437569,That spot is cancerous! But now she is cancer free! So grateful! #cancer #cannabis #medicalmarijuana #medicine #cannabisismymedicine http,for
735261084022513665,Learn more how #MedicalCannabis can help #cancer patients: http #Cannabis #doctor #sandiego medicalmarijuana,for
69534199853490176,True #cannabis cure stores of #cancer and #Crohn's disease http,for
642622752063664128,"Could #Cannabis And #Cannabinoids #Cancer Treatment Come To The UK? 
http://t.co/vEayH0LXAH 
#MME #UK #London #Cancer http",for
647650236341596160,"#Cancer Patient Given 18 Months To Live, Cured By #Cannabis Oil
http://t.co/4aeRI33Tyv
#marijuana #thc  #MME http",for
771516988216729600,"Despite mounting evidence that #cannabis can help with many #cancer symptoms, Patients still denied access in U... http",for
1359158365721661443,Twisty Blunt http | #Cancer? Stay healthy: #Valdosta #Augusta; #GA | We welcome $NXT | #Vapor #Cannabis #Infused,neutral
657983152829239301,"#Cannabis Can Cure #Cancer, Its #HighTime We Stop Arresting People | #CannabisOil #MedicalMarijuana #Marijuana http",for
531174559043448832,#health #wellness #sport #Cancer #Athletics #nutrition #diet we can help in so many ways! book now http,for
599337014996119553,"Cannabis and Cancer
http://t.co/coDj6p4V0H

#Cannabis #cancer #marijuana #medical #pain #thc, #cbd #hempoil #tumors http",neutral
1125712604490543105," #Seniors are smart. They never grew up with all these drugs. That is what my mother told me in her 70s when she was diagnosed with pancreatic #cancer. It went to the liver and stomach what helped her pain was #cannabis 

No healing in #Pharma = lifetime patients w/5-12+  day http",for
567777003567595521,"Dr. Donald Tashkin , - No Association between Lung Cancer and Marijuana. #medicalmarijuana #cannabis #Tashkin #Cancer http",for
1397460129516118020,"Gene Therapy Market size Discern Steadfast Expansion during 2028 COVID-19
https://t.co/oUpgrVNTHq
#cancer #cbd #healthcare #cannabis #wellness #covid #health #medicine #digitalhealth #healthtech #biotech",neutral
590021953395777536,"Cannabis and Brain Cancer

#Cancer #cannabis #medicalmarijuana #thc #cbd #braincancer #cbd #hemppoil #news http",neutral
684154235341135872,Higher Perspective on Instagram: #cannabis #illegal #legal #legalizeit #cancer #ptsd #seizures... http,neutral
890203095367602176,"Known since 2011: ""Smoking marijuana won't give you lung cancer"" The Globe and Mail #CannabisTruth #cancer #cannabis http",for
653077882273669120,"""Medical Marijuana Helped Save This Child From #Cancer
http://t.co/XIkJ2BAhfn 
#marijuana #cannabis #MME #Cancer http",for
516422136554979328,"""#THC was effective in reducing #cancer of the breast, uterus, pancreas, and testicles."" (Werner 19)  #pot #cannabis #weed",for
680156356867919874,"#Cancer patient says medical #marijuana has changed her life 

https://t.co/IrKL1unB5K  #MME      
 #cannabis http",for
651140259107880960,"#Cancer patient given 18 months to live is 'cured by #Cannabis'

http://t.co/xyffIt3bH8   #marijuana #cannabis #cbd http",for
612079515464904704,Heres how #Cannabis helps your body fight off #cancer -,for
1152582265194590209,"CannagreenH: Natural ways to help cure cancer:

* #RSO (Rick Simpson Oil)
* Consume little to no protein 
* Eat plenty of fruit  and  
* Replace sugar with 
* Increase pH level 
#cannabis #cannabisoil #cannapreneur #rso #hemp #cancersucks #cancer http",neutral
698783825409810432,"Why is Medical #Cannabis Still Illegal? 

https://t.co/tPyT98u9RR  #MME #PTSD #cancer #Epilepsy http",for
495757203886710785,"10 Facts About Marijuana 
 via @user #cannabis #thc #cancer #epilepsy #seizures #cure #USA http",for
746292581705879552,"Terminal brain #cancer patient says #cannabis oil saved his life

https://t.co/MwadpNOj1c  http",for
965185146642161664,"In my eyes it is a human right to cure yourself, that is what God intended when he gave us #thc #cbd #cannabis #weedoil #mmj #wietolie #CB1 #CB2 #cancer #epileptic #opiatreplcement no one can take that from us..claim it back.. #COPD http",for
636975101792100352,"Medical #Cannabis to assist end-of-life cancer population 

http://t.co/d9teZLHcWv  
#marijuana #cancer #choice http",for
723898789229113345,Answered: How Does #Cannabis Fight Breast #Cancer ? http #breastcancer http,for
844739483127992321,#Cannabis #Marijuana #cancer #weed #cure #science #research #medicine #healTHCare HERB... http,neutral
369965297647636482,#Cannabis can Prevent #Cancer Caused by Cigarette Use: Study http #opcannabis #legalizeit #japan #medicine,for
725545921585528832,7 #Inspirational #Stories of People Who Beat Their #Cancer with #CannabisOil http via @user #cannabis,for
1019693882181742592,"#Cannabinoids may have a vast array of anti-cancer effects
https://t.co/z006Tupnfi
#cannabis #marijuanafacts @user .@WileyUpdates #CANCER #cancers #DYK #CancertodayMag #joinTheFight #CancerResearch #cancermoonshot",for
651396897182208000,"""Medical Marijuana Helped Save This Child From #Cancer
http://t.co/F1ITyAZ60L 
#marijuana #cannabis #MME #Cancer http",for
578274750109261825,"Mike McGinn

http://t.co/v2Cb17S3Do
#cancer #marijuana #cannabis #hemp 
 #epilepsy #news http",neutral
409800338338631680,"""One way cannabinoids kill #cancer cells is thru a process known as cell apoptosis, or programmed cell death."" (Werner 25) #pot #cannabis",for
645689823265734656,"#Cannabidiol as potential anticancer drug
http://t.co/FNHdVs8L44

#MME #cancer #medicalmarijuana #cannabis #cbd http",for
438659507909308416,#cycling #cannabis #sport #medicalcannabis #cancer Raising cash 2 research cancer fighting properties of cannabis. Riding 4 change! Join us!,for
645211042033721345,"Could #Cannabis And #Cannabinoids #Cancer Treatment Come To The UK? 
http://t.co/VqkIInbebi 
#MME #UK #London #Cancer http",neutral
615745682939449344,"A #Cancer patient's journey with Medical #Marijuana. 

http://t.co/AgPabwkyqP 
#cannabis #thc #cbd #Cancer #hempoil http",neutral
582777750190161920,"Charles Rowland
http://t.co/NUIvjaaz7Q

#cancer #marijuana #cannabis #hemp #dank #vote#kush #cbd http",neutral
1331680696692330505,The latest The Holistic Medical Daily! http Thanks to @user #cannabis #cancer,neutral
619248325267734528,"A #Cancer patient's journey with Medical #Marijuana. 

http://t.co/skarBBOS0Z 
#cannabis #thc #cbd #Cancer #hempoil http",neutral
729657610660659200,#Brazil Approves #US #Cannabis Product RSHO as Imported Medication to Treat #Cancer http #weed #marijuana #high,for
924999321405280256,"Minors With Seizures, Chemotherapy-Induced Nausea May Benefit From Cannabis: Study. #Cannabis #Cancer #Epilepsy http",for
650989044403453952,"""Medical Marijuana Helped Save This Child From #Cancer
http://t.co/ZdZahRid3P 
#marijuana #cannabis #MME #Cancer http",for
1167820616050888704,"Anyone else use honey for everything, or is it just me?

CBD + Honey = Sweet Relief

Get yours today at http today and get free shipping
.
.
.
#cbd #cannabidiol #cannabis #cannabiscommunity #honey #hemp #cannabisculture #holistichealth #cancer #purecbd http",for
689901086610694148,Cannabis oil is a highly efficient natural cancer cure #cancer #Cannabis http http,for
680805289470197760,Make #CannabisOil available to all #Cancer patients as a treatment option. |#Cannabis #CancerCure #Petition #NORML http,for
587029256267550720,"Dr. Donald Tashkin , - No Association between Lung #Cancer &amp; #Marijuana. 
http://t.co/0LjMKjbenp

 #cannabis http",against
533730776383520769,"#Cannabis extracts can ""dramatically slow"" growth of #brain #cancer tumors:

http://t.co/aTpAXUbS7K",for
500512804235780096,"#UK #NEWS: #Cancer patients should be allowed to use #cannabis for pain relief, says drugs minister Norman Baker 
 http",for
586399349002768384,"Cannabis and Cancer
http://t.co/v2Cb17AseO

#cannabis #marijuana #Cancer http",neutral
645424756259315712,Make #CannabisOil available to all #Cancer patients as a treatment option. |#Cannabis #CancerCure #Petition #NORML http,for
691701261574496256,Trojan_Fred: RT HealthRanger: Federal #Government finally admits that #cannabis DESTROYS #cancer #cells:  http,for
1141080640798056449,When do you have a well deserved good night sleep? Without pain and stress? The choice is yours. Just a few drops daily is going  to make a big difference dont let pharma fool you #thc #cbd #cannabis #weedoil #mmj #wietolie #CB1 #CB2 #cancer #epileptic #opiatreplcement  #copd http,for
533676026560532481,Cannabis extracts can help slow the growth of cancerous tumors when used alongside radiotherapy treatments! #CBD #Cannabis #Prana #Cancer,for
644981090827005952,"#Cannabinoids and cancer
http://t.co/jbLLcPujq3 

#MME #cancer #cannabis #cbd #marijuana  #medicalmarijuana http",neutral
1096171696359464961,"Cannabis destroys more than you can imagine.. doctors get fired. hospitals close. pension systems brake down, children have to wait so long for their inheritance #thc #cbd #cannabis #weedoil #mmj #wietolie #CB1 #CB2 #cancer #epileptic #opiatreplcement #AIDS #copd #apneu http",against
1371476939391823874,Cancer patients' experiences with medicinal cannabisrelated care #cannabis #cancer #research http,neutral
569823072980766720,"Cannabis= Anti Cancer
http://t.co/4gqLxJtLYu

#marijuana #cannabis #cancer #hemp  #vote   #cbd http",for
838494263595925504,"#Marijuana can kill #cancer.
https://t.co/TNjGeHFvqY #Melanoma #Leukemia #healthcare #medicine #cannabis #thc #cbd #agtech #agri Cannabis http",for
585345122759536640,"Cannabis and  Cancer
http://t.co/bLIlbEEBYg

#Cannabis #cancer #marijuana #medical #pain #thc, #cbd #hempoil #tumors http",neutral
697977520109522944,"Why is Medical #Cannabis Still Illegal? 

https://t.co/7ZHuPCegao  #MME #PTSD #cancer #Epilepsy http",for
650329768513142784,"""Medical Marijuana Helped Save This Child From #Cancer
http://t.co/3ZyNbpp5fm 
#marijuana #cannabis #MME #Cancer http",for
1354514622028496897,"There's a Supreme Court of the United States decision, but gambling addiction, sex therapy. #supremecourt #cancer #health #healthcare #cannabis #medicine #diabetes #opioidcrisis #breastcancer #depression #cbd #doctor http",for
646743476453961733,"A Cancer patient's journey with Medical Marijuana

http://t.co/8vKllRBtcF  #MME #cannabis #thc #cbd #Hempoil #Cancer http",neutral
973268118100258818,#Cannabis for #cancer. #MDMA for #PTSD. #Psilocybin for #depression. http http http,for
644530773337505792,"Could #Cannabis And #Cannabinoids #Cancer Treatment Come To The UK? 
http://t.co/hO0RG0xxqp 
#MME #UK #London #Cancer http",for
613289474089426944,"Paul Whitesell
Superintendent Indiana State Police
http://t.co/PvpjW2Q61o

#cancer #marijuana #cannabis #pot http",neutral
1341352835263414272,"#cannabis helps #Cancer  #BeKind
#Ireland Allow #Homegrown &amp; make #medicine affordable &amp; accessible to all. Stats &amp; science b4 govt &amp; big pharma propaganda. #legalize #weed for you &amp; your loved ones #Wellbeing http http",for
646996742806835200,RT TweeterReynolds Housewife grew #cannabis to put into fruit pastilles to treat #cancer #breakthetaboo  http,for
670999695058149376,#Cancer is the leading cause of death in the UK (29 percent of all deaths in 2012). Yet #cannabis is still deni... http,for
225837578270683136,"#Cannabis contains #toxins and #carcinogens, #Cannabis smokers increase their risk of #cancer of the head, neck, lungs and respiratory track",against
571193379582808065,"Cannabis, A Potent Pain Reliever 

#cannabis #depression #health #medical #medicalmarijuana #choice #cancer http",for
752207009760440320,#SeanParker #napster #billionaire wants to get richer off #mmj the #disabled #veterans #cancer #patients #cannabis http,neutral
862946282301796352,"Advice on CBD, #Cannabis and #Cancer http #breakthetaboo #EndOurPain http",for
1219696070424514566,"#Democrats #Republicans who do not support #MedicareForAll #Cannabis our food from our #God back to His people ~ #Cannabinoids prevent #Cancer #Science God #WeThePeople agree #ILikeBernie ~ #Congress protects #RuleOfLaw #Grift #AmericaFirst 1915 #ElPaso 

https://t.co/1H1P5D8pmH http",for
1082140341535420417,#Cancer patient sues Health Ministry over slashed #marijuana prescriptions http #cannabiscommunity,against
575056173000495104,"Walter Cronkite
http://t.co/QqSmLwuZWG

#cancer #marijuana #cannabis #hemp  #cbd #epilepsy #thc http",neutral
652890959789821956,"""Medical Marijuana Helped Save This Child From #Cancer
http://t.co/fgxoKiA1G4 
#marijuana #cannabis #MME #Cancer http",for
1132774923674505216,"CBD vs. THC: Whats the Difference?
https://t.co/7jHYveUJNE
.
.
.
.
#cannabis #cbd #wellness #alternativewellness #stress #anxiety #ptsd #pain #doctors #advocate #educate #chiropractors #nutrition #nutritionists #cancer #support #healthandwellness #fitness #metabolism http",neutral
1244392708011106306,I have used #Cannabis extract for #Cancer since 2014  Not cured you have to take it daily bodies do not store #Nutrients ,for
1266142974158700544,A survey by a breast health and breast #cancer information and support service indicates 42% of breast cancer patients had used medical #cannabis to help manage their symptoms or side-effects from treatments. #HomeGrowAmnesty #auspol http,for
691121007596302336,"RT WeedFeed ""#Cannabis vs. Breast #Cancer: An Extensive Analysis - http  #breastcancer #Breast http",neutral
569938404303101952,"National Organization of Women
http://t.co/kpb3xLbS8Q

#cancer #marijuana #cannabis #hemp # http",neutral
977195349415784448,The latest Manna Goods Health Bulletin! http Thanks to @user @user #cannabis #cancer,neutral
704018695543201792,Can #cannabis stimulate #appetite in #cancer patients? http,neutral
69533181547790336,The Illegal Herb that Fights #Cancer http #cannabis #marijuana #mmot,for
705394606356238336,#Leafly: #Cannabis and #Cancer - A Two Part Guide to #MedicalMarijuana and how it helps Cancer #Patients http,for
588297299698315264,"Walter Cronkite
http://t.co/gUdYFpZTZa

#cancer #marijuana #cannabis #hemp  #cbd #epilepsy #thc http",neutral
373277875803148288,http - #Cancer killer - #cannabis actually seeks out and destroys rampant cancer cells http,for
739897767741521922,"RT ""#Cannabis for the Treatment of Breast #Cancer: An Extensive Analysis - http   #breastcancer ",neutral
434118593723109377,"The Zionistic-Coptic #Church supports #medical #cannabis 4 #asthma, #glaucoma, joint #inflammation, &amp; #cancer.",for
604861268688793601,"Joe Banning

#cancer #marijuana #cannabis #hemp #dank #vote #medicalmarijuana #kush #dabs #cbd #epilepsy #VT http",neutral
569279029708234755,#medicalmarijuana #cancer #ms #epilepsy #reform #cannabis #USA #MME #cancer #medical health #thc #cbd #hempoil http,neutral
903297876788363264,Clean #cannabis for #Cancer.  Thanks @user http,for
411299107378974720,N.J. Bill Would Allow Med Pot from Out of State http #Legalize #Cannabis #MMJ #Cancer #Seizure #PTSD #ChronicPain #PD #MS,for
619842977498824704,"Terry McAuliffe
http://t.co/1gzdbb9puy

#cancer #marijuana #cannabis #kush #dabs #cbd #epilepsy http",neutral
616648663255941120,"A #Cancer patient's journey with Medical #Marijuana. 

http://t.co/s4ZMgxfoCQ 
#cannabis #thc #cbd #Cancer #hempoil http",neutral
1068522066075299842,100 shocking studies prove cannabis can help cure cancer. http #cannabis #health,for
604270808932970496,"Jim Webb
http://t.co/VCtCT9PmYZ
#cancer #marijuana #cannabis #medicalmarijuana  #epilepsy #Thc #Va http",neutral
664863900630917124,"""Medical Marijuana Helped Save This Child From #Cancer
https://t.co/nPajX6iy4V  
#marijuana #cannabis #MME #Cancer http",neutral
568019218463100928,"American Cancer Society 
http://t.co/v2Cb17S3Do

#cancer #marijuana #cannabis #hemp  #kush #dabs #cbd http",neutral
648361810169626625,"Cannabinoids, Endocannabinoids and Cancer

http://t.co/gWhHMreArN
#cancer #MME #marijuana #cannabis #cbd http",neutral
696813724200468480,"How Marijuana Helps People With Cancer

 http  #MME  #Cancer #cbd #cannabis http",for
585677969470988290,"Dr. Donald Tashkin , - No Association between Lung Cancer and Marijuana. #medicalmarijuana #cannabis #Tashkin #Cancer http",against
332181936904749056,#cannabis oil cures #cancer and saves lives. Don't let your doctor poison you or anyone you love. #chemo kills http,for
346328079263756288,VIDEO: Cannabinoid action in #cancer cells #cannabis #breakthetaboo #endthewarondrugs http,for
497729199193735169,"New Study Reveals More About How THC Fights Cancer 

#medicalmarijuana #cannabis #thc #usa #cancer http",for
971131265503121409,#Cancer patients medicating with #cannabis report improvement http,for
649084377285181440,"""Medical Marijuana Helped Save This Child From #Cancer
http://t.co/2yjQaFxyLP
#marijuana #cannabis #MME #Cancer http",for
1215639434458091520,"Yes you can cancer!!!

#cancer #braincancer #braintumor #sherianncancerfighter #RSOFighter #cannabis #ricksimpsonoil #nevergiveup http",for
570850158801498113,"Cannabis, A Potent Pain Reliever 

#cannabis #depression #health #medical #medicalmarijuana #choice #cancer http",for
651501231391834112,"13-Year-Old is Kickin' #Cancer with #Cannabis Oil

http://t.co/iNAKp6KLbn 

#medicalmarijuana #hempoil http",for
646861996005195776,"Cannabinoids, Endocannabinoids and Cancer

http://t.co/vJSwPmzoIH
#cancer #MME #marijuana #cannabis #cbd http",neutral
955662644245155840,Does #Cannabis Cure Cancer? Man Who Discovered The Cause Of #Cancer Wrote A #Book On Curing It http http,for
498660091231764480,Cancer survivors/patients speak out on Medical Marijuana  via @user #medicalmarijuana #cannabis #thc #cancer http,for
566359790990151680,"RT THEMMEXCHANGE: Cannabis- Anti Tumor  Effects

#cannabis #cancer #tumors #marijuana #medicalmarijuana #thc #cbd  http",for
535865256208113664,"#Watch: Incredible #Microscopic Footage Of #Cannabis Oil Eliminating #Cancer Cells
Read more at... http",for
248885427816247296,http cannabis prohibition be the dumbest idea in the history of man?  #cancer #cannabis #legalize,neutral
597824754238652416,"""We found that almost 25%-35% of the #mice were completely cured of #cancer after administering #Cannabis."" :D http",for
642377638082953216,"Could #Cannabis And #Cannabinoids #Cancer Treatment Come To The UK? 
http://t.co/97MvqSKaeC 
#MME #UK #London #Cancer http",for
345581329276088320,If #cannabis was allowed to be free as any other plant #cancer would become extinct,neutral
576795327056969729,"Cancer and Cannabis

#cannabis #depression #health #medical #medicalmarijuana #marijuana
#cancer #thc #cbd #weed http",neutral
639742101836709888,"Cancer patient becomes medical refugee, moving for #marijuana http #cannabis #Cancer #cbd #thc http",neutral
703126159857352704,"NSW medical #cannabis trial to treat chemotherapy patients 

https://t.co/HqSQD3YrZs   #MME #cancer  #marijuana http",for
801201172459782144,"RT @user 20 Medical Studies That Show Cannabis Can Be A Potential Cure For #Cancer 
https://t.co/AAARCYpTb1 #MME #cannabis #cbd http",for
611172862456676352,"Dr Donald Tashkin
http://t.co/aiFwuCY3Rg

#marijuana #cannabis  #hemp #Cancer #medicalmarijuana http",neutral
743798613428535297,"Could #Cannabis Cure #Cancer? Man Cured Using #CannabisOil,https://t.co/gI0XJYfgnH http",for
687435136351236097,U.S. just admitted that #cannabis DOES kill #cancer cells - http #pot #CannabisTruth http,for
848851750866096129,You can get a prescription for #cannabis in #Germany if you suffer from a serious illness like #cancer or #MultipleSclerosis. http,for
563196572880891904,Bless his little heart. #UnitedWeFight #UnitedWeCure #Cancer #Cannabis #Marijuana #MMOT #CannabisCup #NORML http,neutral
664943010480791553,RT AnonOpsHub: We Are #Anonymous #Cannabis #Cures #Cancer http http #5T3F4N,neutral
545389945875996673,"Then this happened  #warrior  
#nuclearmedicine #cancer #breastcancer #awareness #advocate #cannabis #medicine http",neutral
618905507760369664,"Worth repeating: #Marijuana decreases risk of #lung cancer: 

http://t.co/cPugTsV6Ho 
#Cancer #thc #cbd #cannabis http",for
615289211063812096,"A #Cancer patient's journey with Medical #Marijuana. 

http://t.co/csoHrOTm0p 
#cannabis #thc #cbd #Cancer #hempoil http",for
654580931605471232,"#Cancer patient given 18 months to live is 'cured by #Cannabis'

http://t.co/jpPDAM13kx   #marijuana #cannabis #cbd http",for
764675449926672384,#4IR: A Case 4 #Cannabis? by #BrianDColwell http #innovation #disruption #marijuana #mmj #cancer http,neutral
220582407760388097,"Cannabinoid Receptor Agonists May Be Novel Class of
Anti-Lymphoma Agents http #cancer + #Cannabis #cures #mmot #marijuana",for
650047985968152576,"THC and other #cannabinoids inhibit tumor growth
http://t.co/ldEHh9ganW 
#cbd #cannabis #tumor #cancer #MME #hempoil http",for
1391843698820984835,"#Legalize #Cannabis and feed it to your loved ones 
God heals us w/ #Cannabinoids we eat 
#JimCrow 1915 made 150 Cannabinoids in #Hemp #Cannabis become #Marijuana ~ 
The whole plant extract treats #Cancer and Opium Habit http",for
571058449032863744,"Paul Whitesell
Superintendent Indiana State Police
http://t.co/CcYhMUfiAx

#cancer #marijuana #cannabis #pot http",neutral
537571308679098368,"#cannabis fights #cancer by ""killing mutated cells, slowing growth, preventing their spreading or growing blood vessels."" (Werner 25)  #pot",for
427238981550342144,"The Zionistic-Coptic #Church supports #medical #cannabis 4 #asthma, #glaucoma, joint #inflammation, &amp; #cancer.",for
1184056221638246401,"louieSrensen6: RT @user THC versus Breast Cancer 

https://t.co/r9O0bEaxHu #MME #marijuana #cannabis #CBD #Cancer #THC http",neutral
658619139804778496,RT @user If you had a choice to donate to #cancer or #sport which would you choose? #Calls4Cancer #Calls4Sport,neutral
189123554334355456,By @user Did you know that #cannabis has been suggested as an effective #medicinal treatment for Breast #Cancer?,for
646831984241733632,"Could #Cannabis And #Cannabinoids #Cancer Treatment Come To The UK? 
http://t.co/HvwX3neeWj 
#MME #UK #London #Cancer http",neutral
587097195003936768,"Dr. Donald Tashkin , - No Association between Lung #Cancer &amp; #Marijuana. 
http://t.co/v2bihH8VRB

 #cannabis http",against
677771151041499136,"#Cancer patient says medical #marijuana has changed her life 

https://t.co/x4ceJ3PyeM  #MME      
 #cannabis http",for
774551970400997377,Michigan Senate OKs #medical #marijuana reform bills http #Legalize #Cannabis #Medical #Seizures #ChronicPain #Cancer,for
1083367652234612736,"Dr. David Jockers used #fasting to help overcome #IBS and skin #cancer. He shares that wisdom at the #FastingSummit! 
FREE Summit starts Monday 14th January
Learn more &amp; sign up Here: http http",for
389268269288267776,"""#THC was effective in reducing #cancer of the breast, uterus, pancreas, and testicles."" (Werner 19)  #pot #cannabis #weed",for
692216742836305920,Why is Medical #Cannabis Still Illegal? http #MME #PTSD #medicalmarijuana #Cancer #Epilepsy #mmj http,for
821486858559438849,#Study Concludes #Cannabis Has Legitimate #Medicinal #Value. http #cancer,for
420984725785042945,#video : Dennis Hill on Killing Adenocarcinoma #Prostate #Cancer with #Cannabis #Extract aka #Oil http,for
653919351343591424,"""Medical Marijuana Helped Save This Child From #Cancer
http://t.co/O56Qcslrol 
#marijuana #cannabis #MME #Cancer http",for
717994300991209472,"RT ""This #Cannabis #Terpene Relieves #Pain &amp; Battles #Cancer - http  #Myrcene http ABG_Marketplace",for
1244284117140856844,"Neurosurgeon""U have 2 choices, U can go home &amp; take radiation or U can just go home""...https://t.co/UgsbQwpzs3 that's 3 yrs ago...#Cannabis #Can #Cure #Cancer my bro!",against
687666061710327809,#Cannabis vs. Breast #Cancer: An Extensive Analysis - http  #breastcancer #BreastCancerAwareness http,neutral
1291681758971195392,Black Salve Cannabis oil and Raw Organic diet I'm cancer free 5yrs. : Michael McKean #Cannabis #CannabisOil #Cancer #Australia #LegaliseCannabis #BlackSalve #Organic http,for
750388897356611584,"New #Research Confirms #Cannabis Kills Brain #Cancer, NOT Your Brain - http http",for
655594495518580736,"#Cancer patient given 18 months to live is 'cured by #Cannabis'

http://t.co/DlecH6l6Ru   #marijuana #cannabis #cbd http",for
359217577169395712,"""One way cannabinoids kill #cancer cells is thru a process known as cell apoptosis, or programmed cell death."" (Werner 25) #pot #cannabis",for
651455831863599105,"""Medical Marijuana Helped Save This Child From #Cancer
http://t.co/CGnbsz2jUg 
#marijuana #cannabis #MME #Cancer http",for
416626713640984576,"The Zionistic-Coptic #Church supports #medical #cannabis 4 #asthma, #glaucoma, joint #inflammation, &amp; #cancer.",neutral
586883087277109248,"Cannabis and Cancer
http://t.co/1mjsiFTQQi

#cannabis #marijuana #Cancer http",neutral
613322457391497216,"Rocky Anderson
http://t.co/VKiCYCB92i

#cancer #marijuana #cannabis #hemp #dank #vote #medicalmarijuana http",neutral
1252143948015034368,"Youve probably noticed shops selling #CBD oil, along with all sorts of health claims  including the possibility that it could even be used to combat #cancer. But could this be true? Could #cannabis cure cancer? http",neutral
701509241018814464,How #Cannabis Cures #Cancer (+30 Medical Researches) |#MMJ #MedicalMarijuana #CBD #THC #CannabisOil #Marijuana http,for
633047234985263105,"Medical Marijuana Can Ease #Pain and Lessen Side Effects

http://t.co/Vw7XgBAXSd 
#marijuana #cannabis #cancer http",for
648629946181677056,"THC and other #cannabinoids inhibit tumour growth

http://t.co/nt0ML9duMk
#cbd #cannabis #tumor #cancer #MME http",for
1093268108045766656,#Cannabis Conquers Fourth Deadliest #Cancer #PancraticCancer #RMRK #AQCA #MJ #Marijuana #Cannabis #MedicalMarijuana #Hemp #CBD #THC #AcquaCannabis #DrHugoRomeu http #HempTradition #MedicanEnterprises http http,for
804624142452539392,#Cannabis #CoconutOil from very good to KICKASS fights #cancer cells helps with #weightloss  http http,for
510186519894564864,"According to #cannabis researcherscannabinoidswork against #cancer thru a # of diff. mechanisms."" (Werner 25)  #pot #cannabis #weed",for
602369344039833601,Lives don't have to be lost. Follow &amp; Help us #Cure the world of #Cancer. #documentary #CannabisCures #cannabis #mmj http,for
449227965575233536,"A Young #Cannabis Patient is Curing her #Cancer in #Oregon!

What are your thoughts?
http://t.co/Qc7wZrpaX1 http",neutral
990216951040528384,The latest Lou Gehrig's Disease - Parkinsons Disease Daily! http Thanks to @user @user @user #cannabis #cancer,for
571263336941297665,"Cannabis for Chronic Pain 

#cannabis #depression #health #medical #medicalmarijuana #ms #cancer #glaucoma http",for
1215600120600854529,"Women with Cancer Use Medical Marijuana Mostly for Pain, Not Nausea. #Cannabis #Cancer #PainManagement  http",for
880521260542836737,"Getting healthy, not high: Using #cannabis to fight #cancer - #mmj #cure #healing #natural #marijuana #medical http",for
730107676382920705,7 #Inspirational Stories of People Who Beat Their #Cancer with #Cannabis Oil. http http,for
656616976601763840,"""Medical Marijuana Helped Save This Child From #Cancer
https://t.co/H57XKIA8Sw 
#marijuana #cannabis #MME #Cancer http",for
772816874929291264,VIDEO. Should we Legalise Medical #Cannabis for UK #Cancer Patients? @user @user http #EndOurPain,neutral
613646506340524032,Could  #cannabis help  #cancer  #patients? Check out this video to find out more: http,neutral
607473745498935296,"Charles Rowland
http://t.co/fJp6P5oKdc

#cancer #marijuana #cannabis #hemp #dank #vote#kush #cbd http",neutral
1041360283476717568,Don't miss this informative #evidence-based blog by @user Research Committee Chair @user addressing the question: Does #Cannabis Cure #Cancer? http @user @user @user @user,neutral
1285372469617012736,"#CBD-enriched #cannabis was more effective at killing #leukaemia and paediatric brainstem glioma #cancer cells than THC varieties.

New research from @user group @user 

https://t.co/AdTX8vcIJP",for
589629384589500416,"Cannabis= Anti Cancer
http://t.co/4gqLxJtLYu

#marijuana #cannabis #cancer #hemp  #vote   #cbd http",for
820297207446388736,RT #WEED #CANCER http CannabisTU: #Cannabis cloning methods http,for
852105280582234113,US have admitted that Cannabis CAN KILL CANCER CELLS!,for
649645422349283329,"""Medical Marijuana Helped Save This Child From #Cancer
https://t.co/2SVlGBKbFC
#marijuana #cannabis #MME #Cancer http",for
635479761087766528,"Medical #Cannabis to assist end-of-life cancer population 

http://t.co/n7OWiAoRI9  
#marijuana #cancer #choice http",for
699803395197165568,"Why is Medical #Cannabis Still Illegal? 

https://t.co/385YmhlUdU  #MME #PTSD #cancer #Epilepsy http",neutral
576507688877604865,#cancer #cancerawareness #cannabis #weed #copblock STOP THE REVENUE GENERATION AND 3RD PARTY GOVERNMENT MANSLAUGHTERING DEMAND LEGALIZATION,for
1059597234285744128,"Canada: Marijuana use improves quality of life for patients with head, neck cancer http #Cannabis #Cancer #MedicalBenefits http",for
896151293269389312,"One of the four ways #cannabis fights #cancer:  Anti-Metastatic

#marijuana #hemp #pot #weed",for
565602049031938048,"Cancer and Cannabis

#cannabis #depression #health #medical #medicalmarijuana #marijuana
#cancer #thc #cbd #weed http",neutral
1302265104629747713,"We think #Marijuana is a drug 
We know #Cannabis is food 
#Cannabinoids operates our Immune System just we are not allowed to eat the ones in #Weed ~ 
The #FECO stops the #Cancer the #THCa is Anti-inflammatory we need both Processed and Raw #Hemp to eat ~
https://t.co/Sk6y0ASXCZ",for
1041063261406355456,"#Cannabis can`t help everyone but it can help if you have #Cancer, #Epilepsy, #Anorexia, Constant-pain, #Glaucoma, #Depression, #Asthma, #Arthritis, #Dementia, #Parkinson`s, #Scoliosis, #PTSD, #ADD, Panic-disorder, and only over 600 more http via @user",for
654383830527152129,"#Cannabis Can Cure #Cancer, Its #HighTime We Stop Arresting People | #CannabisOil #MedicalMarijuana #Marijuana http",for
736073101897666561,82 studies on the efficiency of #CANNABIS against #cancer... http,for
393174580040593408,Attention please! #Cannabis kills #cancer... http,for
1306654974785605635,#Cannabinoids in #Cannabis provide #Immunity to all Disease and #Cancer created by #Cannabinoid Deficiency ~ In the time of #COVID19 please eat the Weed not just smoke it ~ I use extract #FECO for #Cancer since 2014 not cured if I run out lesions return ~ May you have enough http,for
802211051676770304,"BIG Story:

#Cannabis Oil Kills 13-Year-Old Chico Ryder's #Cancer  #CannabisOil http",for
1379544085929791495,"6 days Countdown to #Powermonth #Ramadan2021 The month dedicated to #fasting #IntermittentFasting

#health #cancer 
https://t.co/F6pqeVHkIg

 http",for
434052659751178240,"""@BloomRoomSF: #cannabis fights #cancer by ""killing mutated cells, slowing growth, preventing their spreading or growing blood vessels.""",for
804400182590865408,"Do you drink #dairy milk? It's OK. #Cannabis will keep you safe ;)

#Milk &amp; #Cancer: http #marijuana #health http",for
680702981742948352,"#Cancer patient says medical #marijuana has changed her life 

https://t.co/JW1Pi1rfgF  #MME      
 #cannabis http",for
1103382380121915394,"#GodzWeedz #StonerFam #TNBNaturalsSponsoredGrower #Cannabis #CannabisSeeds #Hybrid #Indica #CBD #THC #Sativa #Cancer #Hemp
@tnbnatural @user @user #WednesdayWisdom @user Your Day too My Angel  http",neutral
565595141738864640,"Cancer and Cannabis

#cannabis #depression #health #medical #medicalmarijuana #marijuana
#cancer #thc #cbd #weed http",neutral
772693242982834176,Can #Cannabis Cure #Cancer?https://t.co/Viz9ooElj7 #breakthetaboo #EndOurPain http,neutral
1220789126913351680,"#CBD does a body good  Discover the many #Health Benefits of adding #cbdoil to your daily routine.  

Visit http  

#Hemp #Cannabis #Wellness #Healthy #NaturalHealth #NaturalHealing #ADHD #PTSD #Cancer #Epilepsy #MentalHealth #Mentalillness http",for
313112353644347392,By @user #Cannabis Oil And #Cancer: Searching For Higher Ground http | #mmot,neutral
805092889227313152,Is there such a thing as minor surgery? #prevention against #cancer with #cannabis is helping people http,for
390092253227528192,"""[B]oth delta-9-#THC &amp; delta-8-#THC caused a sharp decline in the respiratory rate of oral #cancer cells."" (Werner 29)  #pot #cannabis",neutral
809260329020653569,Is there such a thing as minor surgery? #prevention against #cancer with #cannabis is helping people http,for
748629469309583360,"Charles Rowland
https://t.co/1mjsiFTQQi

#cancer #marijuana #cannabis #hemp #dank #vote#kush #cbd http",neutral
319844485343363072,Runner @user races for #cannabis #cancer campaign: http,for
587973158080225280,"Joe Banning

#cancer #marijuana #cannabis #hemp #dank #vote #medicalmarijuana #kush #dabs #cbd #epilepsy #VT http",neutral
627448365266169860,"Here's What #Marijuana Does to Breast #Cancer 

http://t.co/MJxXjKUtaW -  #cannabis #cbd #marijuana #marijuananews http",for
852777118282899457,Want to thank @user for the chance to tell everyone @user my #unique #survival #story! #RalphX #Annunaki #Cancer #Cannabis,for
648070156103643137,"Medical #Marijuana Helped Me Survive #Cancer Treatment  http  
#cannabis #cbd #thc #MME http",for
1152352752435105798,"A recent study has found that #cannabis may potentially manage night sweats. #CBD #cannabinioids #cancer

https://t.co/DKLMS8ZtpH via @user http",for
641479224193249280,"Oops! U.S. Department of Health, just confirmed that #Cannabis kills #cancer cells.#Legalize http via @user",for
7552821544,Dr. Melamede speaks about Marijuana clear and fundamented http #Cannabis #Marijuana #Cancer #Health #Medicial #mmot,neutral
587005030038953985,"Cannabis and  Cancer
http://t.co/XvuqBN34Uz

#Cannabis #cancer #marijuana #medical #pain #thc, #cbd #hempoil #tumors http",neutral
587225280084848640,"RT weedpraylove: RT alovelykink: RT MME_TALLAHASSEE: Cannabis and  Cancer
http://t.co/bLIlbEEBYg

#Cannabis #cancer #marijuana #medical #",neutral
572290015629348864,"Utah #cancer survivor advocates for medical #marijuana, saying that #cannabis is a better treatment http @user",for
478258164820099072,"""#Govt Study Proves #THC From #Cannabis Destroys #Leukemia, Breast And Lung #Cancer Cells""

http://t.co/Y9ispLocvR",for
404224770549370880,#Cannabis Kills &amp; Cures #Cancer - Re-edit: http #weed #pot #hemp #ganja #health #medecine #therapy #science #research #law,for
678958414744133632,"#Cancer patient says medical #marijuana has changed her life 

https://t.co/BiIwW6RBbt  #MME      
 #cannabis http",for
756518745250623488,"20 Medical Studies That Show #Cannabis Can Be A Potential Cure For #Cancer 
https://t.co/YZYmjNx5B8  http",for
648737883625492480,"Medical #Marijuana Helped Me Survive #Cancer Treatment  http  
#cannabis #cbd #thc #MME http",for
1428280428926881803,"Cystic Fibrosis Drugs Market 2021-2027 Industry Insight by Recent Developments
https://t.co/a4sNp42EIc
#healthcare #cannabis #health #research #insurance #hemp #cancer #diabetes #medicine #emrsoftware #emrindustry",for
584310561225236481,"Cannabis= Anti Cancer
http://t.co/D1PWJJ67xe

#marijuana #cannabis #cancer #hemp  #vote   #cbd http",for
655680821223890944,"The Biochemist Who Cured His #Cancer With #Cannabis Oil 

http://t.co/G2KmKrwlkH 
#marijuana #hempoil #cbd #MME http",for
1090984273203683328,"Watch: Incredible Microscopic Footage Of #Cannabis #Oil #Eliminating #Cancer Cells!!! 
https://t.co/iK55nWOzuH http",for
815058537546182657,Is there such a thing as minor surgery? #prevention against #cancer with #cannabis is helping people http,for
1198617947285180420,"#MedicareForAll 
#Plants are #Food 
Food is #Medicine 
#Cannabis is Food and Medicine 

#Thanksgiving #GiveThanks the raw extract of Cannabis manages all #Disease except #Radiation driven #Cancer ~ I treat Squamous Cell Carcinoma 
#Bernie2020 #Vote #Elect more like #TheSquad http",for
644828459500470272,"#THC and other #cannabinoids inhibit tumor growth

http://t.co/4RXEdmqn13 
#cbd #cannabis #tumor #cancer #MME #cbdoil http",for
600808135327092736,"Cannabis and Cancer
http://t.co/ZePJPRvXL4

#Cannabis #cancer #marijuana #medical #pain #thc, #cbd #hempoil #tumors http",for
1365328845633695744,"#KentState 
#NeverForget Nixon finds #Cannabis stops #Cancer 
Reagan Biden @user pass @user 
#JimCrow #RuleOfLaw #Healthcare #Housing #LivingWage 
#GeneralStrike 
#Congress will not pass laws #ForThePeople @user or @user they protect #SystemicRacism 
I wish we were good guys http",for
649124789555097600,Numerous Human Clinical Trials of #Cannabis for #Cancer in 2015 |#MMJ #MedicalMarijuana #CBD #CannabisOil #Marijuana http,neutral
1014676439793328128,Marijuana Australia: Listening to Andrew on @user talk about the silly SA #cannabis #laws that #SAPARLI are proposing to inflict on our poorest and sickest. #cancer #epilepsy #dementia #autism #alzheimers #ms #cerebralpalsy #chro.. http,against
372888728920133632,If petunias were a #cure for #cancer it would be publicized everywhere. #Cannabis is!...where's the #press about it? #wiredforweed,for
161638496866541568,#cannabis can slow down tumors and soon we will find out how it can block #Cancer for good,for
583047949095157760,"Dr Donald Tashkin
http://t.co/0WlIHOanFr

#marijuana #cannabis  #hemp #Cancer #medicalmarijuana http",neutral
787294263944019969,"A New Study Suggests #Cannabis Could Treat Cervical #Cancer  
https://t.co/QtlR58ImRL  http",for
642381714275323904,"#THC and other #cannabinoids inhibit tumor growth

http://t.co/4iejTeiGiI 
#cbd #cannabis #tumor #cancer #MME #cbdoil http",for
871728368869396481,"Here Are 100 Scientific Studies Proving #Cannabis Cures #Cancer

https://t.co/FxGxqle54X http",for
1095959271018237952,"#Cannabinoids inhibit proliferation of #cancer cells, stimulate autophagy and apoptosis, and have also a potential to inhibit angiogenesis and metastasis in animal models and in human clinical trials.

#Cannabis #LegalizeIt 
#NaturalMedicine #Pakistan http",for
439940000235286529,Lawmakers Vows Workable #MMJ http #Legalize #Cannabis #Cancer #Seizures #Fibromyalgia #PD #MS #ChronisPain #Choice,for
604715714554032128,"Joe Banning

#cancer #marijuana #cannabis #hemp #dank #vote #medicalmarijuana #kush #dabs #cbd #epilepsy #VT http",neutral
534365357151367168,"New research suggests that #cannabis extract can have a ""dramatic effect"" on brain #cancer. http #breakthetaboo",against
684144640098988034,Higher Perspective on Instagram: #cannabis #illegal #legal #legalizeit #cancer #ptsd #seizures... http,neutral
643912091947171844,"Medical #Marijuana Helped Me Survive #Cancer Treatment  http  
#cannabis #cbd #thc #MME http",for
604075213916114944,"Terry McAuliffe
http://t.co/eo1Ft5hcHC

#cancer #marijuana #cannabis #kush #dabs #cbd #epilepsy http",neutral
763621033123471361,Cannabis #Legalization #Cancer #Cure #Cannabis #Oil #Drinking #Too #Much #Alcohol http,for
273649316919394304,Season 3 Week 1 Game 1 3pts #carcinoid #cancer #fighting #sport http,neutral
556838459093303296,"#cannabis #cannabinoids #health #Pharma #medicine #decriminalize #legalize #cancer #tsunation #tsu ""The Antidot... http",for
542957374513090560,Dangerous misinformation RT @user Lung #Cancer Patient Miraculously Cured By #Cannabis Oil - http,against
657937263037411328,"#Charity #Quiz for #Cancer Research UK.7 Nov #NightOut #Plymouth #Music, #Sport, #Entertainment, #TV #Raffle. @user http",neutral
235337869651230720,#cannabis kills #cancer #cells http,for
873985429804134400,"Cannabis Cures Cancer. #cannabis #cancer #science #mice #study 
https://t.co/q51lPpKcMD http",for
358746631035826178,"#RT @user ""World Cancer Day."" #Medical #Cannabis poster. #Cancer #Treatment #Medication #Australia.  http #WEED",neutral
1063574662947528704,The best way is to let them grow their own.. less costs and better quality.. #thc #cbd #cannabis #weedoil #mmj #wietolie #CB1 #CB2 #cancer #epileptic #opiatreplcement #AIDS #copd #apneu http,for
574843389927018498,Another person who has cannabis to thank in his fight against cancer. #MediJane #MedicalMarijuana #cannabis #Cancer http,for
1108385770212155392,"Worth the read.. 
#cannabis #cancer #Harvard #HarvardHealth #THC http",neutral
615077655986221056,"Worth repeating: #Marijuana decreases risk of #lung cancer: 

http://t.co/uyimUkuDtw 
#Cancer #thc #cbd #cannabis http",for
1035184112045305862,VIDEO: Cannabics Pharmaceuticals (OTCMKTS:CNBX) Cannabis Cancer Diagnostics http #cannabis #cancer http,against
570431698715992064,"Terry McAuliffe
http://t.co/mA7uFzWita

#cancer #marijuana #cannabis #kush #dabs #cbd #epilepsy http",neutral
480395886048968704,#Fasting Helps #Cancer Patients Survive #Chemotherapy    #Singularity Hub http,for
122721223556857857,Ready to start sparring @user tourney to raise money for #cancer. #tkd great #prevention #sport,for
489951476924428291,Alright Peeps We've Less Than $900 To Go ! Please #HELP Raise Funds For Gayle Quin's Battlle W/ #Cancer W/ #Cannabis! http,for
774736342102204416,9 TYPES OF #CANCER THAT CAN BE KILLED BY #CANNABIS http,for
604623106989301762,"Rocky Anderson
http://t.co/KEkIGL0EFm

#cancer #marijuana #cannabis #hemp #dank #vote #medicalmarijuana http",neutral
635451757125046272,"Medical Marijuana Can Ease #Pain and Lessen Side Effects

http://t.co/dlkdBgkfLc 
#marijuana #cannabis #cancer http",for
1164938124625137666,Olivia Newton-John Managing Late-stage #Cancer with #Cannabis http,for
396467935734013952,"#Cannabis - It cures #Cancer.  Legalize it. 
End The #WarBetweenDrugs. http via @user",for
494892764468084736,20 Medical Studies That Prove Cannabis Can Cure Cancer  via @user #medicalmarijuana #cancer #rso #cannabis http,for
697836846894727168,"Why is Medical #Cannabis Still Illegal? 

https://t.co/1aWK1Th4Fr  #MME #PTSD #cancer #Epilepsy http",for
1099130000291258368,"Anyone else pissed off yet ???
When is Enough ....Enough ...
#cbdoil #weightlossjourney
#copd #ptsd #hempoil #adhd
#weightlossmotivation #cancer
#addicted #migraine #sleeping
#stress #BigPharma #cannabis 
#anxiety #weed #cbd #shampoo
#petcare  #painrelief

https://t.co/QGblOHUNP9",for
627543593545240576,Medical #cannabis trial for end-of-life #cancer #breakthetaboo http http,for
577432339636158464,"RT Dinafem: RT THEMMEXCHANGE: Cannabis  and Cancer

#cannabis #marijuana #thc #cbd #hemp #oil #thc #cancer #medica http",for
1072434160885792771,#Cannabis Kills All Types of #Cancer #Cells That Science Has Tested so Far - US Health Secure http,for
650062797716516864,"13-Year-Old is Kickin' #Cancer with #Cannabis Oil

http://t.co/oJKmde6XAj 

#medicalmarijuana #hempoil http",for
787356437743824896,"A New Study Suggests #Cannabis Could Treat Cervical #Cancer  
https://t.co/9zrAvOgkP1  http",for
1038455765068001281,"http is the best place online to buy nonTHC 100% pure CBD products. FREE SHIPPING TO ALL 50 STATES. 

https://t.co/0GBDbFNBp5 store.

#cbd, #cbdoil, #cbdvape, #cbdbenefits, #cannabis, #amazon, #news, #shop, #cancer, #cbdlife, #ptsd, #cbdheals, #cbdlife http",for
630920183750782976,"Medical #Cannabis to assist end-of-life cancer population 

http://t.co/9PpiasU6Oj  
#marijuana #cancer #choice http",for
667376381957955586,"""Medical Marijuana Helped Save This Child From #Cancer
https://t.co/McOSwbVgT7  
#marijuana #cannabis #MME #Cancer http",for
642364386103922688,"Medical #Marijuana Helped Me Survive #Cancer Treatment  http  
#cannabis #cbd #thc #MME http",for
902805325236944896,Low quality evidence for use in #cAncer #pain but seems safe 1/2 #cannabis http,against
